<?xml version="1.0" encoding="UTF-8"?>
<project-private xmlns="http://www.netbeans.org/ns/project-private/1">
    <editor-bookmarks xmlns="http://www.netbeans.org/ns/editor-bookmarks/2" lastBookmarkId="0"/>
    <open-files xmlns="http://www.netbeans.org/ns/projectui-open-files/2">
        <group>
            <file>file:/C:/Users/Nikos/Documents/NetBeansProjects/PrivateSchool/src/administration/Trainer.java</file>
            <file>file:/C:/Users/Nikos/Documents/NetBeansProjects/PrivateSchool/src/privateschool/SyntheticData.java</file>
            <file>file:/C:/Users/Nikos/Documents/NetBeansProjects/PrivateSchool/src/administration/Student.java</file>
            <file>file:/C:/Users/Nikos/Documents/NetBeansProjects/PrivateSchool/src/userimport/CourseImport.java</file>
            <file>file:/C:/Users/Nikos/Documents/NetBeansProjects/PrivateSchool/src/administration/Classroom.java</file>
            <file>file:/C:/Users/Nikos/Documents/NetBeansProjects/PrivateSchool/src/administration/Course.java</file>
            <file>file:/C:/Users/Nikos/Documents/NetBeansProjects/PrivateSchool/src/userimport/TrainerImport.java</file>
            <file>file:/C:/Users/Nikos/Documents/NetBeansProjects/PrivateSchool/src/userimport/StudentImport.java</file>
            <file>file:/C:/Users/Nikos/Documents/NetBeansProjects/PrivateSchool/src/userimport/AssignmentImport.java</file>
            <file>file:/C:/Users/Nikos/Documents/NetBeansProjects/PrivateSchool/src/privateschool/PrivateSchool.java</file>
            <file>file:/C:/Users/Nikos/Documents/NetBeansProjects/PrivateSchool/src/administration/Assignment.java</file>
        </group>
    </open-files>
</project-private>
